path, qz_rel_area, qzovergrowth_rel_area, pore_rel_area,othermin_rel_area
/Users/sau/Documents/Stanford/adventure/semhackathon2022/semhackathon/dataset1/BSE/image31_44_2.tif,0.1074841817220052,0.682763417561849,0.028001149495442707,0.18599955240885416
/Users/sau/Documents/Stanford/adventure/semhackathon2022/semhackathon/dataset1/BSE/image32_30_2.tif,0.6097310384114584,0.3109639485677083,0.003995259602864583,0.061236063639322914
/Users/sau/Documents/Stanford/adventure/semhackathon2022/semhackathon/dataset1/BSE/image7_20_1.tif,0.30860646565755206,0.4268989562988281,0.023998260498046875,0.20844395955403647
/Users/sau/Documents/Stanford/adventure/semhackathon2022/semhackathon/dataset1/BSE/image5_60_3.tif,0.6453475952148438,0.06680933634440105,0.04650115966796875,0.0930938720703125
/Users/sau/Documents/Stanford/adventure/semhackathon2022/semhackathon/dataset1/BSE/image5_58_3.tif,0.34349314371744794,0.1139081319173177,0.023913065592447918,0.13396581013997397
